Fold,Hyperparameters,Train Losses,Val Losses,Val Accuracy,Val Precision,Val Recall,Val F1,Time Taken,Early Stop Epoch
1,"{""epochs"": 50, ""lr"": 0.0001, ""bn"": 0, ""batch_size"": 4, ""dropout_rate"": [0, 0, 0], ""hidden_layers"": [128, 64, 10], ""activations"": [""None"", ""ReLU"", ""softmax""], ""input_size"": 128, ""weight_decay"": 0, ""optimiser"": ""SGD"", ""early_stopping"": [50, 0.001]}","[2.095850708884049, 1.8634781862812189, 1.7926876493701887, 1.7536571760143, 1.7392428365681305, 1.7113450703871202, 1.6967280061322134, 1.6968622938086835, 1.687540389325538, 1.6765377352770585, 1.6670557093285672, 1.679374533367824, 1.6817508671245007, 1.6694264308438462, 1.646109283159541, 1.6606728096074188, 1.663574037484982, 1.647075609547694, 1.6587594702002566, 1.6489802153743571, 1.6522465251412728, 1.6475567725070641, 1.6404290825013552, 1.6449771712691146, 1.6492385831908898, 1.6295868740591968, 1.6249146041676252, 1.6312131098755493, 1.6477186075145023, 1.6441325246700247, 1.6367452879028828, 1.6296635844529024, 1.6249210260325309, 1.6269774544115563, 1.6132143025037144, 1.614421428094777, 1.6176395345371721, 1.618880531381993, 1.6217135074972189, 1.619513399532441, 1.6210066726564714, 1.6235920820475465, 1.6215068606725545, 1.6094808937468417, 1.6150839305830538, 1.6327675223337264, 1.6141128530930746, 1.618885361166226, 1.6244302779330824, 1.6196632669593272]","[1.9381239091917632, 1.8377632700513102, 1.7932208664295424, 1.7669630689843503, 1.7487046043612122, 1.730880657814748, 1.722654523820687, 1.715176706721639, 1.707627152185068, 1.701454654661148, 1.6991007797653634, 1.6957864565986551, 1.6932414908555449, 1.686033926924049, 1.6802622875276505, 1.679365370578551, 1.6771052720594195, 1.6735578694115845, 1.6740054256820716, 1.6720564949988828, 1.67077606579345, 1.672112307986751, 1.6675883499604425, 1.6666439279683793, 1.6657709749907317, 1.6662600803243113, 1.6603054105270791, 1.6577167759401934, 1.6575864856359432, 1.661655252678883, 1.6613840514267568, 1.6578838856094833, 1.6572272344827494, 1.6564663404625621, 1.6535013890060553, 1.6503765586903079, 1.6544742086090005, 1.6527696798311415, 1.650172527088936, 1.6529840737206778, 1.6498000523645977, 1.6482180828664486, 1.6491106831455145, 1.6479276646251462, 1.6507750278791893, 1.6488794166628629, 1.6440306496605654, 1.6442545288134298, 1.645184348163461, 1.6452716460368224]",0.426,0.4192011935110993,0.42677080736315115,0.418372046201582,70.94814348220825,
2,"{""epochs"": 50, ""lr"": 0.0001, ""bn"": 0, ""batch_size"": 4, ""dropout_rate"": [0, 0, 0], ""hidden_layers"": [128, 64, 10], ""activations"": [""None"", ""ReLU"", ""softmax""], ""input_size"": 128, ""weight_decay"": 0, ""optimiser"": ""SGD"", ""early_stopping"": [50, 0.001]}","[2.069267323524332, 1.8540052033967105, 1.7887633036243464, 1.745367496477867, 1.7390209093204778, 1.7212678804280088, 1.710350088825428, 1.6869723431942887, 1.6842980270960433, 1.6808473147369558, 1.6769098000814722, 1.676418849391279, 1.6726063644822626, 1.66161529143505, 1.660060768718986, 1.6564254886517498, 1.6430447522914586, 1.65016047760246, 1.6481786166933323, 1.646742451852441, 1.6470531885775475, 1.6375921503018094, 1.6442569010895658, 1.6378384532456904, 1.624242438940892, 1.6423089939749396, 1.6287652237376105, 1.643706364310148, 1.6288794082166536, 1.6394798630049237, 1.6469952433228188, 1.6336764036404936, 1.6314604713442877, 1.633175839562833, 1.6317874013269646, 1.6269264523736162, 1.6144581672840443, 1.636071056452005, 1.6325263027064885, 1.629675312160936, 1.6178908630180855, 1.6124073755251764, 1.6156675436022103, 1.6178700286387342, 1.6179952502703854, 1.6238496473370585, 1.617157361945848, 1.6204810719998664, 1.6208388299039242, 1.6277873672368468]","[1.9200497767640627, 1.8289116573666848, 1.7776109083910356, 1.7552916474971207, 1.738569108977749, 1.7252691871518575, 1.7151611613968853, 1.7061088633967978, 1.6985114444441665, 1.6942272835346066, 1.6877619955343377, 1.684638920777777, 1.6803347194075127, 1.6785425598250008, 1.6754597753797191, 1.672074834168463, 1.66731631208269, 1.6673665868157266, 1.6632325167200885, 1.6598488899418502, 1.65829421065108, 1.6596868620441003, 1.6574108959150453, 1.6578652611934508, 1.6555370523679964, 1.6535242092841356, 1.6558839107011296, 1.6504148713363342, 1.6506067275517886, 1.6494346797106023, 1.650850487827538, 1.6497687059833377, 1.65205674244347, 1.6488287008601707, 1.6459461233214256, 1.6444324485410564, 1.6411752531071795, 1.6466598406913835, 1.6448183987488831, 1.6414334734311138, 1.6415827092976356, 1.6449825642380056, 1.6420096517564273, 1.6439946222275754, 1.642577986847335, 1.639964836769743, 1.6384771687516786, 1.6379727039327507, 1.6406428683243888, 1.6414107015528672]",0.4412,0.43871788949691404,0.4418318881340319,0.4335616832802508,71.54796242713928,
3,"{""epochs"": 50, ""lr"": 0.0001, ""bn"": 0, ""batch_size"": 4, ""dropout_rate"": [0, 0, 0], ""hidden_layers"": [128, 64, 10], ""activations"": [""None"", ""ReLU"", ""softmax""], ""input_size"": 128, ""weight_decay"": 0, ""optimiser"": ""SGD"", ""early_stopping"": [50, 0.001]}","[2.0851283193458072, 1.8735263399202138, 1.8104963125829467, 1.7662676398684056, 1.7344534433163128, 1.7256719632866093, 1.7068367496447379, 1.709793449865574, 1.6873409476864456, 1.684377500535638, 1.687046324742478, 1.6739085123651865, 1.6735286505426914, 1.6777883613070026, 1.6541316767565084, 1.6621434084128721, 1.664475998615663, 1.6583528445318572, 1.6589710159310114, 1.6564381951160438, 1.6470300343716562, 1.6379787720939782, 1.6434707654558005, 1.6405591660005665, 1.6342051683919958, 1.628331681830207, 1.6506818038767967, 1.6374054376498364, 1.6340982349119162, 1.6393523226659625, 1.6384948472908438, 1.6461284845375366, 1.6274406831421444, 1.6375444335944103, 1.6441259311459473, 1.6300006381395067, 1.6244056176255712, 1.6299738270831714, 1.6335366570229815, 1.6204309495686153, 1.628352920884924, 1.6247332288583751, 1.6359153530877544, 1.619272660024081, 1.6288261571868805, 1.6345188301302516, 1.6157803592135047, 1.6282587988512636, 1.6341471006484427, 1.6197210154368875]","[1.938552064276975, 1.8458020894957727, 1.7962811482313235, 1.7646072603512963, 1.7425469535681641, 1.732565881262222, 1.7178118289880127, 1.715185928896314, 1.7056278294004925, 1.6981751170321902, 1.6924550744924174, 1.6870251847721243, 1.68333747124472, 1.6776397469096518, 1.677800377227815, 1.6753822796561915, 1.669237289113571, 1.6734340596331465, 1.6688650845446968, 1.6662148623164241, 1.6664900010077839, 1.6623822300352673, 1.6606488414142049, 1.6606097556921864, 1.6587393839553553, 1.6559490252572453, 1.6549814976601345, 1.655589252534353, 1.6551355375899264, 1.6527011317651625, 1.6517066110592953, 1.6513652979769613, 1.6508230321775008, 1.6497922071340894, 1.6459751769619888, 1.6461987584920357, 1.6462987478276623, 1.647644115269433, 1.6469248476036853, 1.6434725554391967, 1.6457461708144823, 1.6433676645045519, 1.641883533713497, 1.6420593150920577, 1.6428777651539117, 1.643460432338226, 1.6406386030523943, 1.639024541195223, 1.6400212543958663, 1.635902259720541]",0.426,0.4219970554660223,0.42746765812169707,0.41953421683857234,71.8156328201294,
4,"{""epochs"": 50, ""lr"": 0.0001, ""bn"": 0, ""batch_size"": 4, ""dropout_rate"": [0, 0, 0], ""hidden_layers"": [128, 64, 10], ""activations"": [""None"", ""ReLU"", ""softmax""], ""input_size"": 128, ""weight_decay"": 0, ""optimiser"": ""SGD"", ""early_stopping"": [50, 0.001]}","[2.0731754406898295, 1.8677555532240069, 1.7906496951320865, 1.7698282177717102, 1.7408223965944487, 1.7201959507065947, 1.7121868493190127, 1.6856084618318028, 1.6794733548615406, 1.6751230820439038, 1.6721567239740265, 1.6710394254694996, 1.6724153159213153, 1.6732145852953997, 1.672288496346121, 1.6613344044719305, 1.6531784065120614, 1.6637132162018853, 1.6466618010296612, 1.6444413492325007, 1.641486016418681, 1.6616158737907354, 1.640133274410795, 1.6447711752694607, 1.6377203351809164, 1.6420722528598977, 1.64906393950774, 1.632372073433414, 1.643208815358149, 1.631293841865508, 1.6431440899059033, 1.6368965592443134, 1.62480113011528, 1.6336203374802443, 1.6306362598153497, 1.6205155616155766, 1.6336692751744568, 1.6356879784441596, 1.6277436265071137, 1.632474093190603, 1.624019316348806, 1.630238428364296, 1.6345502169549126, 1.6341113908915823, 1.625102934205653, 1.6282244876382546, 1.627318106690783, 1.6178033800960163, 1.6196689552695833, 1.628681505087529]","[1.928229988394701, 1.8317891037299687, 1.787130603591332, 1.7565199094792683, 1.7365907442386164, 1.7216119946587272, 1.713782261325622, 1.702665108980464, 1.6969326357743513, 1.690627108669489, 1.687162067742236, 1.6827435059801792, 1.679212028249813, 1.6797123104345486, 1.6743973513605175, 1.6734362597711894, 1.669161011283008, 1.6710069791867868, 1.6645915830513907, 1.660002328941325, 1.658828917280853, 1.6582207924339674, 1.6594241836010057, 1.657137076564972, 1.656265237854689, 1.654615861929376, 1.6521527985561664, 1.6495238336055722, 1.6501174313312141, 1.647997742221562, 1.647656972703548, 1.6485250180672335, 1.6440120982237088, 1.6461582972614124, 1.6446660355009113, 1.6448315027247296, 1.6449270858583076, 1.6424027506895393, 1.642443617024336, 1.64193596507112, 1.641818077615957, 1.6428806131930884, 1.6421483501723901, 1.6414357266088322, 1.6433257056813495, 1.6399216143496276, 1.639950302583638, 1.6391388962451872, 1.6385036856776642, 1.6381631245312913]",0.4334,0.4280337051435009,0.43281105377356466,0.4250067469355125,70.61086320877075,
5,"{""epochs"": 50, ""lr"": 0.0001, ""bn"": 0, ""batch_size"": 4, ""dropout_rate"": [0, 0, 0], ""hidden_layers"": [128, 64, 10], ""activations"": [""None"", ""ReLU"", ""softmax""], ""input_size"": 128, ""weight_decay"": 0, ""optimiser"": ""SGD"", ""early_stopping"": [50, 0.001]}","[2.0926259829453815, 1.8678308811320496, 1.8004881442345009, 1.7593609782042396, 1.7351858625334766, 1.7331345963389377, 1.7089300003561798, 1.6971356878344626, 1.694826110919052, 1.6840646152074454, 1.6875915599999174, 1.6697586367809307, 1.6681415978630578, 1.6561285393520355, 1.6628995263260324, 1.6559950318316703, 1.6553106134236988, 1.6552466448830214, 1.6617646405814717, 1.6597732878303133, 1.6403944376632165, 1.648987536155463, 1.6381419679545046, 1.6383550876364505, 1.6373315307956466, 1.6311772353115939, 1.6379291999336913, 1.6374548090185, 1.6343704247683666, 1.6358673734459974, 1.6353487459409357, 1.6323021986791095, 1.6231989960427209, 1.6210119858821097, 1.6223261237153124, 1.624174427483497, 1.6179196379386969, 1.6378932896354876, 1.6245432339129167, 1.6379018251629534, 1.6319851196376762, 1.6366413439327157, 1.6282302442325964, 1.6223632950043567, 1.6255942592933321, 1.6274228056073843, 1.625281571885988, 1.6102465860334303, 1.6146743894302862, 1.6171250195615516]","[1.934906564552959, 1.8392805842155253, 1.7918110336902122, 1.7615897989040612, 1.742072735199931, 1.7296676862510718, 1.7172060614695366, 1.7081143935582928, 1.7015373202692292, 1.697547434381079, 1.6933926439128215, 1.6852814911049656, 1.6802997458722047, 1.680248177569802, 1.6781791895869278, 1.675534687524762, 1.6755106314677701, 1.6723308802415369, 1.6710912546639018, 1.6660745850712018, 1.665224664212631, 1.6629035575483488, 1.665248121994693, 1.65977568540809, 1.6595786878798893, 1.66166818992495, 1.6596011346175294, 1.6567384493773705, 1.6596310338658, 1.65513632011255, 1.6575577464277569, 1.654502864190446, 1.6490951997745866, 1.650609446066415, 1.6472629684146152, 1.650523268634712, 1.6473974187274678, 1.6475058265905587, 1.6476170420601848, 1.6478362417234362, 1.6503470321635654, 1.6492884533055494, 1.645489821617552, 1.6464582274665598, 1.6440162075492473, 1.644271049886127, 1.6444419601154208, 1.6443843600353691, 1.6419817513264872, 1.640411833803323]",0.4214,0.4167712128556638,0.42301975864258745,0.41594218595483223,71.27007412910461,
6,"{""epochs"": 50, ""lr"": 0.0001, ""bn"": 0, ""batch_size"": 4, ""dropout_rate"": [0, 0, 0], ""hidden_layers"": [128, 64, 10], ""activations"": [""None"", ""ReLU"", ""softmax""], ""input_size"": 128, ""weight_decay"": 0, ""optimiser"": ""SGD"", ""early_stopping"": [50, 0.001]}","[2.1121076163473145, 1.860284592872278, 1.7848973476782541, 1.7496529345539715, 1.7178866557634054, 1.704571727466622, 1.7037540798219044, 1.6977042113682983, 1.6767601614858636, 1.6798551766731291, 1.6787608567564682, 1.6650378736617328, 1.6690413020208408, 1.6673306588907217, 1.663168761326191, 1.6609920545989376, 1.6561800346736544, 1.6427535171481704, 1.6517394824226679, 1.6551525467125605, 1.6425157282790979, 1.6335808508439358, 1.6364214569406774, 1.638968800859606, 1.6282077112539914, 1.624141944820952, 1.6289616305639236, 1.629743479199435, 1.6375545348096312, 1.6273410090869806, 1.6304862001918676, 1.6228070057152666, 1.635352787379297, 1.6271743256397468, 1.639638737068113, 1.6212799811825795, 1.6237988173135023, 1.6270535950493323, 1.6257256460883247, 1.6184283102239816, 1.6260305237218886, 1.6256820868244723, 1.6233815319463094, 1.6273531643044479, 1.618112769880435, 1.6125804810905067, 1.620636077178551, 1.6230468138781606, 1.621056553436537, 1.6145937304798843]","[1.9594712870656819, 1.8571853595461552, 1.8060598390540825, 1.776789017175119, 1.759852588688072, 1.7449723739825505, 1.7379439443907776, 1.729372935726805, 1.722080216235998, 1.714114959940713, 1.71063522462148, 1.7052288837989251, 1.7034642483545834, 1.701693288193144, 1.6977853115578287, 1.6938510600832895, 1.6912611789618186, 1.6881686146060437, 1.689873818571432, 1.6855088501654776, 1.6831021419894299, 1.6819250832371861, 1.679718139151384, 1.6772616853555304, 1.6777703377032798, 1.6776164303748777, 1.676289602695476, 1.675186705239083, 1.6754400446569264, 1.6741205731547368, 1.6705755649497906, 1.6729772070227213, 1.6700351853448134, 1.6706771317231468, 1.6703019822697738, 1.6672655868653725, 1.668799024249353, 1.6707118689379699, 1.6661048031166825, 1.667898761128143, 1.6643638069159081, 1.6631423678357073, 1.6657124035939386, 1.664153876979565, 1.6589497428258786, 1.66248972895248, 1.6607026160216687, 1.6612905763911328, 1.6600762439330454, 1.6570079827982147]",0.43,0.4257568637507891,0.4302692554905437,0.42422243745134314,70.90758156776428,
7,"{""epochs"": 50, ""lr"": 0.0001, ""bn"": 0, ""batch_size"": 4, ""dropout_rate"": [0, 0, 0], ""hidden_layers"": [128, 64, 10], ""activations"": [""None"", ""ReLU"", ""softmax""], ""input_size"": 128, ""weight_decay"": 0, ""optimiser"": ""SGD"", ""early_stopping"": [50, 0.001]}","[2.109752701353474, 1.8770408409472297, 1.8016942146623507, 1.7615256656153182, 1.726192479759272, 1.7161087063753084, 1.7156745891025504, 1.7075672496052516, 1.692500371613049, 1.6822384870964364, 1.6732822180753266, 1.6780428318275087, 1.6691818036517394, 1.6693555517975212, 1.6599998355037668, 1.6616096917597172, 1.6442049199896231, 1.6518475466711426, 1.6558825727425541, 1.6575612579414645, 1.6426278497365336, 1.6523828779140546, 1.6507382887930417, 1.640518325557284, 1.6266639343180616, 1.632590513042538, 1.6340338469348838, 1.6350492116567266, 1.6378334412264666, 1.635908157721726, 1.6501765861175903, 1.6347122435517842, 1.6356769243562845, 1.6384791700920018, 1.6320494674091548, 1.6272721018320924, 1.6314947343767459, 1.6356105098659877, 1.6090983796749496, 1.6273213171848522, 1.6248041476069095, 1.6178027989531654, 1.6316735742198998, 1.634832281348897, 1.6292173851427636, 1.6369756110726073, 1.6244780112760888, 1.6274030247154447, 1.6156299859465602, 1.6262765716389345]","[1.9654115615643146, 1.8658676399023635, 1.8176191726137731, 1.7839476960680538, 1.766730443509465, 1.7496510586190503, 1.7379715266315878, 1.73026021359328, 1.7225181742705615, 1.7195226061169377, 1.7116241832373602, 1.707411516832147, 1.7068643151168554, 1.6986270453707395, 1.6922093585032665, 1.6901171452886465, 1.6864879659972023, 1.6858933140376058, 1.6860717401657987, 1.682112916663866, 1.6754510203788864, 1.6769823865496634, 1.677258772716044, 1.6737673571185747, 1.6742458492386365, 1.672715246041953, 1.6727314321880213, 1.6713469889288535, 1.6702481442913686, 1.667828628560094, 1.6671470778009017, 1.6678097036814281, 1.6710983321089306, 1.6674796591710708, 1.6662969598366144, 1.6628067186476467, 1.6654893303383564, 1.6646157497923777, 1.660760075367475, 1.6610939711950103, 1.6593472621983343, 1.6619678181857886, 1.6634663772896952, 1.6621351181155304, 1.6608364418034252, 1.6624107243182724, 1.6616589152700552, 1.6577114873582606, 1.6574462297832158, 1.6568609454679146]",0.4258,0.4226154369982381,0.4251889221645201,0.42088188351893907,71.71282839775085,
8,"{""epochs"": 50, ""lr"": 0.0001, ""bn"": 0, ""batch_size"": 4, ""dropout_rate"": [0, 0, 0], ""hidden_layers"": [128, 64, 10], ""activations"": [""None"", ""ReLU"", ""softmax""], ""input_size"": 128, ""weight_decay"": 0, ""optimiser"": ""SGD"", ""early_stopping"": [50, 0.001]}","[2.1128309307497566, 1.8828959431094046, 1.8017447728921336, 1.7610885566258956, 1.751108597530049, 1.7246240926468215, 1.7054132519488225, 1.6909167423330063, 1.6833469714493963, 1.6902439747391624, 1.6790091734435755, 1.6697574242795878, 1.6568912793689916, 1.6634194515944445, 1.663922089809526, 1.667369473017429, 1.6477025752764445, 1.646402225202193, 1.6449121855550737, 1.6497815380148344, 1.6338504121963737, 1.6356008079845503, 1.6452206415957098, 1.6276485661900422, 1.6318349468602098, 1.6290591249049906, 1.6371133231947872, 1.6265740316527397, 1.6426952106611306, 1.6368560988365, 1.6372332712681266, 1.6331220444048995, 1.6246262739360704, 1.6237889140633128, 1.6285371287193184, 1.634690591716573, 1.6177492166515899, 1.6127117561759898, 1.6259473933107589, 1.628417948362693, 1.6156432354189088, 1.628668711478485, 1.6300124347999534, 1.6241288438601216, 1.628314425676111, 1.6162170567399057, 1.6201604965565208, 1.6136291555921745, 1.624513233539411, 1.6266868492274749]","[1.9481819533447537, 1.8475229069435812, 1.7995452465843034, 1.769086722636799, 1.747002499505258, 1.7311426316963363, 1.720959424458779, 1.7043927311372704, 1.7023368131431424, 1.699752469744005, 1.6914787335034889, 1.6831678872281388, 1.676888158841936, 1.6741964314082718, 1.6721672674948045, 1.6727557573517828, 1.6677360326306596, 1.6650683230269314, 1.6595983163166064, 1.6608499724754084, 1.6545301512249706, 1.6567880389004586, 1.654683163814004, 1.652985097009698, 1.654899735846302, 1.6523231512535004, 1.6494681875348658, 1.6497895162389242, 1.6517105161000873, 1.6488925771473313, 1.649391449529265, 1.651502692237578, 1.651899195955904, 1.6475512737193956, 1.6472940866669574, 1.6484071602485215, 1.6426020790316234, 1.6441649336239694, 1.6448927540867426, 1.645053036713728, 1.64208884366173, 1.6412225657725845, 1.6380361529276124, 1.639267766930312, 1.6403188481212827, 1.6416756168475308, 1.6458587212823077, 1.6389708089047337, 1.6423714761577697, 1.6410636007955588]",0.439,0.4346621862969104,0.4376159973793946,0.4330787817019539,71.4026529788971,
9,"{""epochs"": 50, ""lr"": 0.0001, ""bn"": 0, ""batch_size"": 4, ""dropout_rate"": [0, 0, 0], ""hidden_layers"": [128, 64, 10], ""activations"": [""None"", ""ReLU"", ""softmax""], ""input_size"": 128, ""weight_decay"": 0, ""optimiser"": ""SGD"", ""early_stopping"": [50, 0.001]}","[2.0977105477524223, 1.86605093504724, 1.7977414891617842, 1.7585203080615637, 1.749777026959502, 1.7331045947657322, 1.7111552901965084, 1.7130727203725675, 1.6909734063183777, 1.6862270801680563, 1.6816576424879501, 1.677261710265601, 1.6819519348674774, 1.6756133879929522, 1.6597323029850215, 1.6707564063138396, 1.6545255133675223, 1.6511355536619348, 1.6443127641194095, 1.6495051181158413, 1.6432317304390427, 1.6415561410894361, 1.6419803202363479, 1.6390512419619927, 1.6471845934717564, 1.6329532832043452, 1.6450569434659892, 1.6434118259003334, 1.6411943628306036, 1.6493975747564718, 1.6325607093270744, 1.6360759747508133, 1.6539879780727245, 1.6347978028650672, 1.6332152652761711, 1.6570692492544505, 1.6220814493882076, 1.6395266326447961, 1.6321242259128605, 1.6382281773483134, 1.6271259062914831, 1.6362985919917479, 1.6354025947147386, 1.625128129776326, 1.6301571540319477, 1.6281938495555168, 1.622987470218093, 1.6177051400473632, 1.625568185547275, 1.6300093307230896]","[1.954830021484112, 1.8519557250164493, 1.8047339561496862, 1.7782398087056812, 1.7547414253183489, 1.7403374417745225, 1.7262052321129726, 1.7212136408408245, 1.71310303514, 1.7024708762054426, 1.6997854066723748, 1.6946964903223891, 1.6892087145202954, 1.6869661437070769, 1.6790116953269314, 1.6794896119683602, 1.6770861696537795, 1.6765655371893728, 1.6702569835538714, 1.6691886779794185, 1.670598673385689, 1.6687662977299784, 1.668254184305363, 1.6655411953932002, 1.6627761610196679, 1.664323147149789, 1.6628989891984716, 1.6639735587400755, 1.6605564484545983, 1.6636722101610488, 1.661242214528644, 1.6561895490282943, 1.6621312021844823, 1.6592677597454617, 1.6574461768369808, 1.6556702275533717, 1.6558620516941709, 1.6564297605749974, 1.6543361821949012, 1.654497309751765, 1.6541694486546898, 1.6525142243321933, 1.6501410900419633, 1.650958177794473, 1.6517666227455774, 1.6463005140659746, 1.6486312850410336, 1.6518813333752451, 1.6497817842332887, 1.6488524515020855]",0.432,0.4301085906732993,0.4313880694355935,0.4248483933278018,71.26260423660278,
10,"{""epochs"": 50, ""lr"": 0.0001, ""bn"": 0, ""batch_size"": 4, ""dropout_rate"": [0, 0, 0], ""hidden_layers"": [128, 64, 10], ""activations"": [""None"", ""ReLU"", ""softmax""], ""input_size"": 128, ""weight_decay"": 0, ""optimiser"": ""SGD"", ""early_stopping"": [50, 0.001]}","[2.1228888193716253, 1.872618734391621, 1.7997052592319995, 1.7628372719037677, 1.7402809333720504, 1.7095487907559812, 1.7108890388007127, 1.7044061711980574, 1.6878311590576922, 1.685405151885134, 1.6828455935593698, 1.6780472622944407, 1.6678501903590293, 1.6627493760825782, 1.6531502412352956, 1.6461003467311681, 1.6644855321486671, 1.6531311816162844, 1.6521954653066493, 1.6565369713938982, 1.652916257251456, 1.658480461265972, 1.6473562657325775, 1.6402198326515613, 1.6415088029167608, 1.6426918654772789, 1.6327416039227178, 1.6447029808160596, 1.63050549102633, 1.6310580283289284, 1.6341085671081854, 1.6349191671058891, 1.631738305510998, 1.6187201652349092, 1.6348634534229098, 1.6270655303554757, 1.6387204533171, 1.6336012374866664, 1.6260093262202644, 1.6334740130438732, 1.6347507718999403, 1.630351195583285, 1.618660882720158, 1.6283287330382057, 1.6182348794462496, 1.627512638325858, 1.6131989440601038, 1.6242787142927915, 1.6243891013801608, 1.6306255011440012]","[1.9552161387906657, 1.854499783560743, 1.8025739604137998, 1.7719797632388974, 1.752411711373735, 1.7392816934143651, 1.7249421992944378, 1.7133429117813102, 1.7057592294850306, 1.7020669376668203, 1.6990618696770878, 1.6971228970988501, 1.6907902099380858, 1.6864831123928339, 1.6848946018736328, 1.6801731574988974, 1.6787425962689841, 1.6774286549159334, 1.674150395095436, 1.6735777895405943, 1.67038880018939, 1.669735515955868, 1.6674982241971716, 1.6636649458182688, 1.6659088693098223, 1.6657713109338754, 1.6639877453201182, 1.662941061339785, 1.6591354984250417, 1.658910349042937, 1.6588305713335474, 1.6565622855322621, 1.6577949329754156, 1.6572471735288323, 1.6525568541194315, 1.6547981259886615, 1.6546010842088765, 1.6549807475621958, 1.6542198285983831, 1.6564302867922833, 1.6527709488822688, 1.6531062391253735, 1.65044914547141, 1.6506178058683807, 1.6481323017753549, 1.647698437394239, 1.6487610486605608, 1.6461834427166662, 1.6509999208349195, 1.6468849811597825]",0.4338,0.4294447909214142,0.4315508216691527,0.4264773746539213,72.17493677139282,
1,"{""epochs"": 50, ""lr"": 0.0001, ""bn"": 0, ""batch_size"": 4, ""dropout_rate"": [0.0, 0.0, 0.0, 0.0], ""hidden_layers"": [128, 64, 32, 10], ""activations"": [""None"", ""ReLU"", ""ReLU"", ""softmax""], ""input_size"": 128, ""weight_decay"": 0, ""optimiser"": ""SGD"", ""early_stopping"": [50, 0.001]}","[2.0973653658822546, 1.9071256052639982, 1.8419955236680912, 1.7868962871881828, 1.7918890291529792, 1.7456310858108117, 1.7323276970808672, 1.7365372699702863, 1.7199590908383109, 1.709519571000346, 1.7080627630520218, 1.709485850079107, 1.698329601105731, 1.6912719778474983, 1.693667052301206, 1.6842335812547096, 1.679829531366268, 1.6790295340089303, 1.6697246759711581, 1.6710495615723708, 1.6648840319757712, 1.6657955321371722, 1.6557794547560065, 1.657804959187241, 1.6631550695055113, 1.65671862573303, 1.6681378067122652, 1.661089090046758, 1.6456090281171893, 1.6446081331055582, 1.645547671319769, 1.660444234590291, 1.6459388604354088, 1.646261062081466, 1.6523087014989526, 1.6472891861989611, 1.6416976051252752, 1.648457369862954, 1.633968422444878, 1.6396549026622504, 1.6460369638249503, 1.6294957888118522, 1.629026377372789, 1.6392124582341616, 1.6319035314180215, 1.6385882546641768, 1.6378661068250613, 1.6368869435050444, 1.62234142421107, 1.623719583891548]","[1.9786896473331463, 1.8817215350688377, 1.835023529979425, 1.7995854578587198, 1.7831234658973316, 1.7662649052654618, 1.7509642201332194, 1.7410588273633054, 1.7337433353887064, 1.7277693057065535, 1.7214538665281136, 1.721401037091601, 1.7093811661478215, 1.705467462087061, 1.7001272043709592, 1.697068275150119, 1.6993174491345548, 1.6928092207284928, 1.689247023513394, 1.688132034709468, 1.682620876235573, 1.6857270901990835, 1.6875343850350517, 1.6809296993178806, 1.6811272571080327, 1.6758866101786276, 1.6819407619403923, 1.6721934347028262, 1.6742251601820375, 1.6675326342330394, 1.6665067712355288, 1.668683236207593, 1.6673033344401693, 1.6640584291224294, 1.6658199894788817, 1.6653030410629588, 1.6679050384816008, 1.6621898601440392, 1.661762285072759, 1.6583342065786681, 1.6588206557229292, 1.6555332046758569, 1.6527832903646305, 1.6557684317961823, 1.6549693672827812, 1.6551366614741807, 1.655363847876221, 1.650923846942355, 1.6524552864770838, 1.6498417536351007]",0.4142,0.4086383052000803,0.41607894188010636,0.4030014894130213,87.92624568939209,
2,"{""epochs"": 50, ""lr"": 0.0001, ""bn"": 0, ""batch_size"": 4, ""dropout_rate"": [0.0, 0.0, 0.0, 0.0], ""hidden_layers"": [128, 64, 32, 10], ""activations"": [""None"", ""ReLU"", ""ReLU"", ""softmax""], ""input_size"": 128, ""weight_decay"": 0, ""optimiser"": ""SGD"", ""early_stopping"": [50, 0.001]}","[2.154064427328616, 1.9571292157606928, 1.8806700741242353, 1.8405346826235092, 1.7831458409440795, 1.765743666048024, 1.7554527296546658, 1.7414065755455639, 1.7387092123049734, 1.7124950967287296, 1.7063374992689067, 1.7090621265228667, 1.6993609845168167, 1.695385973102673, 1.6831580384620495, 1.7003730946215116, 1.6831148224654187, 1.6691088949880224, 1.68250514001889, 1.6837007664297727, 1.6738131652403827, 1.6594448153248664, 1.6559220056993091, 1.672932588892461, 1.6402612719025746, 1.6679790972653832, 1.657060691128878, 1.6493573341746692, 1.6550636846375633, 1.6399830802032171, 1.6394069408068084, 1.6433055784174766, 1.6312465765703579, 1.6429161249474438, 1.645517247685933, 1.6350821491152754, 1.6377862416433533, 1.6332801771271612, 1.6372037175046945, 1.6422473428590536, 1.645193739261224, 1.6380903475532982, 1.6212756488708249, 1.6319552793108114, 1.6218857444458639, 1.6226090191815798, 1.630504931919353, 1.6350439689639218, 1.6273567225483974, 1.6271681385764267]","[2.0344948297276937, 1.924430882236829, 1.86685212300668, 1.8297271918462101, 1.8008485993023888, 1.7780305661989562, 1.7658354750811158, 1.7524006410743649, 1.7437312512855, 1.7329625164440332, 1.7254553953535783, 1.71514105069781, 1.7139660233535985, 1.7090416877383388, 1.706970251638368, 1.7035830862418166, 1.705401601418967, 1.6942679809417576, 1.696597660962461, 1.6921862861776165, 1.685643494329227, 1.6834823966217636, 1.6853333039384648, 1.684359621695173, 1.6797133514488902, 1.6838326069595335, 1.680086812241466, 1.6776611140521618, 1.6752256239944894, 1.6732525148424353, 1.6732043920898256, 1.6701085831745364, 1.6662987430465974, 1.6658951411652372, 1.6673424797614305, 1.6660733833528036, 1.6643272411770083, 1.6634971964483936, 1.6635437194102656, 1.6615994665940088, 1.6657346629103578, 1.6582683064711334, 1.6583084494161922, 1.6595405182839569, 1.654587327740683, 1.6539650907864496, 1.6595786885544768, 1.654710149685294, 1.65628118012882, 1.6538729874508782]",0.4076,0.4035182359926268,0.40808526861750033,0.3883437778498504,88.4772539138794,
3,"{""epochs"": 50, ""lr"": 0.0001, ""bn"": 0, ""batch_size"": 4, ""dropout_rate"": [0.0, 0.0, 0.0, 0.0], ""hidden_layers"": [128, 64, 32, 10], ""activations"": [""None"", ""ReLU"", ""ReLU"", ""softmax""], ""input_size"": 128, ""weight_decay"": 0, ""optimiser"": ""SGD"", ""early_stopping"": [50, 0.001]}","[2.1656351354662426, 1.9515111161032566, 1.8689554716960122, 1.8173767892326533, 1.7890287102107851, 1.7652323575422395, 1.7527383841916098, 1.7378444246382738, 1.7212628474243081, 1.7066642826941911, 1.7027311362892172, 1.6965039072263177, 1.686803487525896, 1.6885976971659518, 1.6798513131731794, 1.6763149756025257, 1.6594133558104704, 1.6655842338155453, 1.6642426224648887, 1.6635144952232348, 1.668053538946955, 1.655288587590255, 1.6694117436480527, 1.6650268839748674, 1.6633743852222855, 1.6612842672546297, 1.6616463702256352, 1.663529248749818, 1.6624916157037855, 1.65366495948887, 1.6507964483597015, 1.6524133866205284, 1.6388944402107384, 1.6393869277179118, 1.6436615813772721, 1.63944829357059, 1.640492844391126, 1.6476856165554203, 1.6333029492744089, 1.6407396954631175, 1.6337890624017082, 1.638540280629713, 1.629589181143601, 1.633803406636096, 1.6358942768332962, 1.632029192837168, 1.62984452303059, 1.640698346168004, 1.6294512339057683, 1.630391243550185]","[2.0232764461017956, 1.9081243153080667, 1.852297837237743, 1.8244510188767817, 1.795258682328787, 1.7750362945401998, 1.7621998283119298, 1.7474046370810061, 1.7388869012197095, 1.7286202930284111, 1.7212403736678352, 1.7158477848388103, 1.7131414566768919, 1.7133132980672832, 1.708686692587124, 1.7028101380254004, 1.6995464708215269, 1.6951947966106815, 1.6984493661560143, 1.6960238026374457, 1.6942705952297197, 1.69532356230055, 1.6915579743615985, 1.6888051249744789, 1.6867601759008444, 1.6862154273922285, 1.6859438620091118, 1.6842557843028878, 1.6864675592405205, 1.6806668263039275, 1.6792474574884393, 1.6811592219602485, 1.6763438802685313, 1.676990169932846, 1.6759675366483378, 1.6722809054613281, 1.6742944499912449, 1.6716496024649052, 1.6666836437301513, 1.670167326217929, 1.6673491270713312, 1.6652591078702534, 1.6660478566622867, 1.6643941094840526, 1.6635503119594461, 1.6628098367422783, 1.6626654612157186, 1.6629910928856837, 1.6621580106663851, 1.666130223898394]",0.4142,0.4165447412949609,0.41205977449393194,0.3962546733907356,88.67001605033875,
4,"{""epochs"": 50, ""lr"": 0.0001, ""bn"": 0, ""batch_size"": 4, ""dropout_rate"": [0.0, 0.0, 0.0, 0.0], ""hidden_layers"": [128, 64, 32, 10], ""activations"": [""None"", ""ReLU"", ""ReLU"", ""softmax""], ""input_size"": 128, ""weight_decay"": 0, ""optimiser"": ""SGD"", ""early_stopping"": [50, 0.001]}","[2.13647882453149, 1.9506006750476856, 1.8839430146175533, 1.8302493843276533, 1.795401401970541, 1.775273428830636, 1.7544561201647881, 1.7435374149249103, 1.7297695752015707, 1.7346722774904357, 1.7054109505058865, 1.702653070912054, 1.7043301333740253, 1.6905958594171944, 1.707720812326879, 1.69554453165241, 1.687582195984041, 1.694952325860575, 1.6731505819730768, 1.681296352284059, 1.6737778690621008, 1.6740546523583932, 1.670648287663907, 1.6625392711182352, 1.6631368580268906, 1.6582519700264222, 1.6649262734778316, 1.6601542616029406, 1.665529670207895, 1.6510179685014348, 1.6574138361387192, 1.659651036090133, 1.6505306416555037, 1.651580963985217, 1.6465423499002128, 1.6520792051858837, 1.6551153813447264, 1.660751940479391, 1.6398443330728947, 1.648098256730532, 1.6424970630165416, 1.6385347077625791, 1.6339390282292126, 1.637169678100891, 1.6384798822836384, 1.6249144283792425, 1.638264471357517, 1.6236119851244546, 1.627298640816957, 1.6330829753887703]","[2.012493735846431, 1.9096589671349673, 1.8587835595671998, 1.8202840201294959, 1.795709958639204, 1.7760753795356063, 1.7617905745221618, 1.7481983853475032, 1.739126198224751, 1.7353311446818491, 1.72422478752459, 1.7192964739158143, 1.7172829904725233, 1.7121549753613876, 1.7127924952502693, 1.708026107675721, 1.7035750918810584, 1.6962630599204305, 1.6965491661327716, 1.6933364853679116, 1.6915318485392599, 1.6922182222661795, 1.6938368183738786, 1.6828038401189154, 1.6778095889762248, 1.6768580643164346, 1.6783027853401675, 1.6722891802345736, 1.6753103605238038, 1.6694533416453778, 1.672155738948267, 1.6679470670231566, 1.6699403530292403, 1.668228682938929, 1.666500882542904, 1.6627138201148155, 1.6651250070493855, 1.6582343728795876, 1.6585086289744042, 1.6541085276950005, 1.655702941555668, 1.65461754521487, 1.6531097824230936, 1.6519916715571563, 1.653581015076673, 1.6492552069535773, 1.6496444280361815, 1.6480718843824391, 1.6465368860402072, 1.6461095491842035]",0.413,0.4095743449647321,0.4145626534462939,0.40130259769458065,89.01291275024414,
5,"{""epochs"": 50, ""lr"": 0.0001, ""bn"": 0, ""batch_size"": 4, ""dropout_rate"": [0.0, 0.0, 0.0, 0.0], ""hidden_layers"": [128, 64, 32, 10], ""activations"": [""None"", ""ReLU"", ""ReLU"", ""softmax""], ""input_size"": 128, ""weight_decay"": 0, ""optimiser"": ""SGD"", ""early_stopping"": [50, 0.001]}","[2.1640946801714245, 1.9653314956843526, 1.892463021205341, 1.8547062708301263, 1.80786937669791, 1.7899886448276559, 1.7781655346668945, 1.7575946794868078, 1.7297138007116148, 1.7135589208052429, 1.7088915352414744, 1.70422591278136, 1.7083289602828806, 1.70213882343568, 1.6949049347573102, 1.700015927774106, 1.6729990682293405, 1.6825198828580434, 1.6770894177858653, 1.6793407701252532, 1.6681973531985028, 1.6590599963110277, 1.668060679850726, 1.6630379489276945, 1.659955529484957, 1.6616279893544172, 1.6636877110722854, 1.6463013945995129, 1.6581269126221103, 1.6474125250798113, 1.6514643509871054, 1.650322678427109, 1.6508654281821549, 1.6492057312895365, 1.6465645486407576, 1.6490065443838569, 1.635681966321662, 1.637745406981143, 1.6318313820087609, 1.64477068087706, 1.6272892912504962, 1.6390613411963082, 1.640465963976003, 1.6395693065588492, 1.620183978306166, 1.6335409445375049, 1.6346355967080428, 1.6303362106750041, 1.6333222406903212, 1.6291552599636037]","[2.051293247682405, 1.9443953106191945, 1.8909173521135665, 1.8534295121202078, 1.8225679470568334, 1.8069473011384471, 1.788662629507445, 1.7739619674256923, 1.762723409080152, 1.7538789563178339, 1.74183246723122, 1.7374205207522688, 1.7321934222791417, 1.730866514825978, 1.723430612331722, 1.719939629698539, 1.7180178865445894, 1.7157602308292008, 1.713250555056097, 1.7101425217896393, 1.7059200345904628, 1.700919892322669, 1.701867899982677, 1.697432785382637, 1.695579833797922, 1.696935312262734, 1.6935565367416574, 1.6922857749177176, 1.6925324105044965, 1.6874855426903523, 1.6891676643377584, 1.684660059125995, 1.68854609183222, 1.6841856080334554, 1.6852983597379738, 1.682924576758001, 1.6768245421964878, 1.6760691723158474, 1.676617739075417, 1.6811013230453158, 1.6732366691603586, 1.6768720850807448, 1.673533120706249, 1.6769547637860804, 1.6717931967632291, 1.6755173682711633, 1.670111096654449, 1.6693500949062712, 1.6699401011491126, 1.66874438705785]",0.4104,0.4043212804586916,0.4098930260241508,0.3973129883530534,88.22965097427368,
6,"{""epochs"": 50, ""lr"": 0.0001, ""bn"": 0, ""batch_size"": 4, ""dropout_rate"": [0.0, 0.0, 0.0, 0.0], ""hidden_layers"": [128, 64, 32, 10], ""activations"": [""None"", ""ReLU"", ""ReLU"", ""softmax""], ""input_size"": 128, ""weight_decay"": 0, ""optimiser"": ""SGD"", ""early_stopping"": [50, 0.001]}","[2.096623636578954, 1.9047520996017966, 1.8314449963610877, 1.7846188065764261, 1.7605330265316947, 1.7563484821084758, 1.736841095690668, 1.715071011624235, 1.7209557153280177, 1.7129067949453471, 1.6976967980805675, 1.7003434894986809, 1.6992534165115118, 1.6806277030295473, 1.680816563103478, 1.6718151188624026, 1.6673575501315605, 1.6674276667643868, 1.6689858903239605, 1.6751668734294924, 1.6602393922352479, 1.6597770819466455, 1.6630772823747093, 1.6477708466982754, 1.6509168225747444, 1.6471221751253153, 1.6486443756711746, 1.6402200057955492, 1.6484905953844262, 1.647584096196939, 1.6428155108774476, 1.6247598186421377, 1.6323756649495171, 1.6374013706794817, 1.6442480139871936, 1.6311731572770038, 1.6322704083434336, 1.6423960015035273, 1.6370481330742772, 1.6245173625636353, 1.6354915580452452, 1.625136628592901, 1.6233339845950796, 1.6186759924187015, 1.6173546876566627, 1.6204691390718424, 1.6242122353979334, 1.62947168825245, 1.630387562522687, 1.6006234495852145]","[1.98078263904357, 1.8768790390798575, 1.8304897924363823, 1.7972352572468837, 1.771942442918881, 1.7603282230487578, 1.7477865193874498, 1.7380777163854457, 1.731170602060188, 1.7222158930045626, 1.7195271905887843, 1.7176093844034206, 1.7079140958842305, 1.703141123671463, 1.6991090214454874, 1.700975269729419, 1.6935418510012379, 1.689447831533724, 1.6868154282183532, 1.6860935933730246, 1.6832121369583768, 1.6824115522389573, 1.676838495805595, 1.670581941149891, 1.6759495751949773, 1.6721859548691493, 1.6696449305087058, 1.6633853966794183, 1.6649628631303326, 1.6677273282166978, 1.6674343102680018, 1.6606656553730201, 1.661635834149245, 1.657688858170013, 1.6580429337180584, 1.6583442930367651, 1.6565607848896033, 1.6582209454692722, 1.6510824811463485, 1.6553039409079047, 1.6536516895674984, 1.6480208255319966, 1.649261501409231, 1.6460452529991756, 1.6461815683309051, 1.6458246696780356, 1.6491026424542397, 1.6492587083339232, 1.6490465838745225, 1.6417874540038313]",0.4136,0.4085858993147915,0.4140923787049653,0.4007924669677981,88.7429051399231,
7,"{""epochs"": 50, ""lr"": 0.0001, ""bn"": 0, ""batch_size"": 4, ""dropout_rate"": [0.0, 0.0, 0.0, 0.0], ""hidden_layers"": [128, 64, 32, 10], ""activations"": [""None"", ""ReLU"", ""ReLU"", ""softmax""], ""input_size"": 128, ""weight_decay"": 0, ""optimiser"": ""SGD"", ""early_stopping"": [50, 0.001]}","[2.1502670007569145, 1.9434929318038026, 1.863142878133834, 1.8106388174372627, 1.7792613707368576, 1.7593954941418624, 1.7309955936111738, 1.7481244675476957, 1.7263427052192009, 1.7178400884023308, 1.7027398213901663, 1.704251314579275, 1.6905831143193422, 1.6935691756713325, 1.6863447662103521, 1.6859006429963255, 1.6774784609448983, 1.6719788141084433, 1.6644708475609447, 1.6718894771967687, 1.6713497236956099, 1.6680012701490718, 1.6736535803519468, 1.6539808017493258, 1.6378086063567152, 1.6575107318195395, 1.6604117932047655, 1.6476772785397602, 1.6411789270615131, 1.6452822469304296, 1.639511444173818, 1.6406080891914685, 1.6363460632490066, 1.6250268310341234, 1.6279752147916107, 1.6277814738114937, 1.6388482225653447, 1.6311219091002804, 1.6366829784200398, 1.629554372695818, 1.6283168936266654, 1.6302917416179408, 1.6371920034678906, 1.625401301258503, 1.631840928478627, 1.633055684769408, 1.6243806423451241, 1.6242426104761272, 1.6331233493427022, 1.6206405168894897]","[2.025035181078195, 1.911758554045654, 1.8517414162437549, 1.8099813850199746, 1.7845153846460025, 1.7621991435366362, 1.7475369009771167, 1.7372803162487245, 1.7313630941063534, 1.726817240585322, 1.7149732125235182, 1.7108009654815033, 1.7053516753295552, 1.6990100273654651, 1.6963248715321504, 1.6978531790251705, 1.687542168570842, 1.6885517727409094, 1.6850648646344135, 1.6800942513821442, 1.6833997387933086, 1.6807820062937535, 1.6810273133501912, 1.6761788858643332, 1.6726442329923383, 1.6711379105358304, 1.6722292874862994, 1.675758547070973, 1.666775604154003, 1.6659973801943488, 1.664449931940859, 1.6649001267114982, 1.6629512390057666, 1.657193571193314, 1.6581385994774938, 1.6544982659118666, 1.6620661559738608, 1.652409893842656, 1.6565513717709985, 1.6538146691362912, 1.6528985157995595, 1.653878091372977, 1.6516038186270954, 1.6512286791537496, 1.651916980399492, 1.6461293269792032, 1.6469477395709489, 1.6464950360566724, 1.6463580236010333, 1.642946576174159]",0.4174,0.410355276851209,0.41862240203730783,0.40677497257924955,89.67480111122131,
8,"{""epochs"": 50, ""lr"": 0.0001, ""bn"": 0, ""batch_size"": 4, ""dropout_rate"": [0.0, 0.0, 0.0, 0.0], ""hidden_layers"": [128, 64, 32, 10], ""activations"": [""None"", ""ReLU"", ""ReLU"", ""softmax""], ""input_size"": 128, ""weight_decay"": 0, ""optimiser"": ""SGD"", ""early_stopping"": [50, 0.001]}","[2.1400090321870966, 1.9350972072653199, 1.8695227645075614, 1.8100937159982742, 1.7750919698650256, 1.7758265026966873, 1.7428404006042149, 1.7381132221725064, 1.7106490297248755, 1.7213703982074002, 1.710745522713533, 1.6951247740975839, 1.696332926277135, 1.6902127354384702, 1.6945826656783194, 1.6742656028563219, 1.680087927979705, 1.675965580324771, 1.687529138683514, 1.6840326736978317, 1.6627628450862293, 1.6617452524022676, 1.680028528227277, 1.6670411586027618, 1.670569762671233, 1.6566451602088665, 1.6547625166200082, 1.657775847273913, 1.658583260572707, 1.656083741167568, 1.6542146291216933, 1.6570485352704725, 1.6470841732455785, 1.6544845042691547, 1.6525583176502348, 1.647622363832421, 1.6362633807660256, 1.6508249252838323, 1.6483833970387438, 1.6328114767458668, 1.6279557825787019, 1.6227979443507203, 1.6334722596240627, 1.6399568895451508, 1.624721282755268, 1.6282737165571537, 1.6235080155344117, 1.6192332133321163, 1.6182948648980036, 1.6165764860728173]","[2.014830296250489, 1.9189856723723555, 1.8616930349743726, 1.8252522700538976, 1.792300702756558, 1.7718844129635642, 1.758463781411223, 1.7476607014047207, 1.736535420520532, 1.7307246684180169, 1.7195991275147107, 1.7152588626796612, 1.709039550619387, 1.7037453913602862, 1.7002819280132289, 1.6946044703979664, 1.6975786589718584, 1.6909815505841224, 1.6876174082420576, 1.6912243054234966, 1.6849390395754897, 1.678554040056053, 1.6819296768795462, 1.678151907083464, 1.6754698049299352, 1.6701161709716434, 1.672838225017553, 1.6728935270096663, 1.6738018859755504, 1.6724030926020674, 1.6693277159156177, 1.6695612778347269, 1.6672942746238186, 1.6673330627269642, 1.6627408318148227, 1.6611972119769411, 1.6603192055270302, 1.657883442083648, 1.6595910483878826, 1.6607966180586495, 1.6533449721252236, 1.6540676007101291, 1.655348787827185, 1.6563968296431761, 1.6528031840493196, 1.650546772886213, 1.650107246344928, 1.6508926721631876, 1.6477130585679165, 1.6475191366259412]",0.4162,0.41187544769731294,0.4152668031658548,0.40629001747090837,88.87562775611877,
9,"{""epochs"": 50, ""lr"": 0.0001, ""bn"": 0, ""batch_size"": 4, ""dropout_rate"": [0.0, 0.0, 0.0, 0.0], ""hidden_layers"": [128, 64, 32, 10], ""activations"": [""None"", ""ReLU"", ""ReLU"", ""softmax""], ""input_size"": 128, ""weight_decay"": 0, ""optimiser"": ""SGD"", ""early_stopping"": [50, 0.001]}","[2.1839974136118014, 1.9707497281697424, 1.8982345798147966, 1.8506735786526518, 1.8149824061211606, 1.7917816584000597, 1.7645872213134228, 1.7484314513333743, 1.7364573730380353, 1.7322809376141801, 1.723486963372736, 1.6998155855190362, 1.7114324628215587, 1.6928247518374935, 1.6903599799761302, 1.6786045866781651, 1.6897545090094228, 1.6743174141345571, 1.6727839788310797, 1.6739854697763428, 1.6752873500031937, 1.6711690794291454, 1.6803368527405826, 1.6616331813977614, 1.667976753460639, 1.6627598570203797, 1.6571799102141536, 1.6508955769598572, 1.6536880991220384, 1.6575052861279833, 1.655146078298033, 1.6476145084732066, 1.6479877154787084, 1.6404230086523832, 1.6493407225873125, 1.6374675036400783, 1.6417648877989743, 1.6466583235015297, 1.6422719904303447, 1.6536668092484288, 1.6433188445938378, 1.6397913622067104, 1.6389834326306587, 1.6404968356932177, 1.6336564971287324, 1.6380879015552785, 1.6254024507468166, 1.6304174840413497, 1.634019245701829, 1.628871497799966]","[2.046766356168644, 1.933998336941996, 1.8723669684666824, 1.8361674363719642, 1.8103155848269794, 1.7903693281619406, 1.7705958531427082, 1.7630968380091432, 1.7445777566262874, 1.739258533857869, 1.7317308757886583, 1.7215012877732234, 1.717069909734408, 1.7112778460172358, 1.7058871403318616, 1.7029338067455202, 1.7034527731612688, 1.696691851127224, 1.6940957838781643, 1.6937556122132438, 1.69267952153707, 1.6921614569530967, 1.689122559415834, 1.6861475762071179, 1.6867105003331602, 1.679471608152319, 1.6811723661486961, 1.6786588832478724, 1.6753052548400464, 1.676080964709906, 1.6741525286981025, 1.6731988131537494, 1.6717013373806455, 1.669649573982946, 1.6740797775751504, 1.6681218159927667, 1.6725929189097908, 1.6700191778763773, 1.6665512657345543, 1.6641140032344013, 1.6627479875432858, 1.6667149273675652, 1.6640060659551723, 1.658718160416433, 1.6603631855287428, 1.6689819390719414, 1.6554744740412513, 1.6519199276693755, 1.6570263045571978, 1.6524745627428463]",0.4104,0.39732717930154193,0.4089442515114559,0.39368778040623276,89.30082583427429,
10,"{""epochs"": 50, ""lr"": 0.0001, ""bn"": 0, ""batch_size"": 4, ""dropout_rate"": [0.0, 0.0, 0.0, 0.0], ""hidden_layers"": [128, 64, 32, 10], ""activations"": [""None"", ""ReLU"", ""ReLU"", ""softmax""], ""input_size"": 128, ""weight_decay"": 0, ""optimiser"": ""SGD"", ""early_stopping"": [50, 0.001]}","[2.1664878927965145, 1.9692481599025777, 1.8861376449161331, 1.825929187456518, 1.7939969515329173, 1.7756348428692093, 1.748455834186587, 1.7292020051893178, 1.7186350302278717, 1.7134531702629643, 1.7089334392645454, 1.6936709248637458, 1.7013381215617434, 1.6950793226283056, 1.6784983428771278, 1.681975820170645, 1.6671145562921132, 1.6854514047833793, 1.6605864423053902, 1.6480053675118767, 1.66576924845718, 1.658945013681241, 1.659221979243675, 1.639915041996073, 1.6431032967236634, 1.6392896866452835, 1.645207503905833, 1.6544523651128253, 1.633085186398041, 1.6227745174295938, 1.6335873890173624, 1.6324194286763833, 1.6400208316388143, 1.616673014807983, 1.6377494955202063, 1.6334006465016147, 1.6410261323585722, 1.6318453607788594, 1.6232215066071056, 1.6170220397321469, 1.631305890263298, 1.6260540120427542, 1.6081265966800864, 1.6255504559400313, 1.617038333050949, 1.6299640065397945, 1.6233725697957264, 1.6270249586005403, 1.6196996830157846, 1.627819715021313]","[2.0393145277508693, 1.9271740618749231, 1.8678245807872058, 1.8262638697715876, 1.801278906980287, 1.7807330192622868, 1.7635109045739388, 1.7525197905932517, 1.739144483972858, 1.7276454586010026, 1.7266039161131885, 1.7167939148251374, 1.7158889773533217, 1.7157413897222857, 1.7103659408292151, 1.703064073622327, 1.7006620809540014, 1.6990581283029493, 1.6982266235016537, 1.6896296662593555, 1.6936276995262418, 1.6923225428443285, 1.6894277697471676, 1.6803942611863851, 1.6845494494904896, 1.6818250903653007, 1.6766507025361883, 1.683666170437559, 1.6745933950254563, 1.6745640174249128, 1.6749522216025001, 1.6704071057934022, 1.6683058611980415, 1.6675303823339918, 1.6666724560668291, 1.6669925502116507, 1.6679446150416626, 1.6645656099380561, 1.6627378422578747, 1.6584329132371622, 1.6640446696189901, 1.6581795130629973, 1.6578984207270524, 1.6551867563551754, 1.6561255771522077, 1.6594138785563493, 1.6581364160870014, 1.658946381303388, 1.6570994431629755, 1.6586517346474352]",0.4122,0.4027573333404524,0.41008796876862963,0.4016887657491326,91.89948296546936,
1,"{""epochs"": 50, ""lr"": 0.0001, ""bn"": 0, ""batch_size"": 4, ""dropout_rate"": [0.0, 0.0, 0.0, 0.0, 0.0], ""hidden_layers"": [128, 64, 32, 16, 10], ""activations"": [""None"", ""ReLU"", ""ReLU"", ""ReLU"", ""softmax""], ""input_size"": 128, ""weight_decay"": 0, ""optimiser"": ""SGD"", ""early_stopping"": [50, 0.001]}","[2.1663859681390885, 2.0200463000475337, 1.9418507791081492, 1.883581856596219, 1.8509189282439182, 1.8386888891925166, 1.8246570040140786, 1.8076087702593227, 1.7870340998079814, 1.7761133517231102, 1.7613842697176283, 1.7541603247033375, 1.7455799141081587, 1.7489690590896676, 1.7291928595052848, 1.7418214111454067, 1.7305077170611123, 1.7340736664806629, 1.7120538797926068, 1.7081695304048297, 1.7058762163654455, 1.6988334086561288, 1.7035430066546389, 1.6852608207235864, 1.6914644991415888, 1.6810498955937367, 1.6707504443773242, 1.675468140088914, 1.6657650890534714, 1.678922620936164, 1.6642336271421505, 1.6734121700630908, 1.6606318976054408, 1.6620069280573122, 1.650706960742658, 1.660174812095368, 1.6525988838892882, 1.6585849988526975, 1.6487587489130615, 1.6486698923614473, 1.6401067191962488, 1.650175048945427, 1.6496020748920655, 1.6515291245251382, 1.6444051528726582, 1.6326928112526091, 1.626204658536727, 1.6279523735524233, 1.6376455295446155, 1.6351440499570162]","[2.0823840478648696, 1.9800961983255678, 1.9198995972408832, 1.880916921042579, 1.85722325968857, 1.8418264555445771, 1.8255551655101225, 1.8089424135219094, 1.7967857373953655, 1.787425669997061, 1.7813346303167825, 1.7697526335994065, 1.7636340998740236, 1.7601758585068925, 1.7483350561054154, 1.751192112476458, 1.7417343186408427, 1.7386558369834548, 1.7364314304059714, 1.7264749365783587, 1.7254878592647953, 1.7187101044618809, 1.7171375851921469, 1.7102791156580683, 1.708820201847457, 1.7063985761625022, 1.7137913748468279, 1.70089731700269, 1.699833970837494, 1.6925166778217842, 1.6879899004146002, 1.6881678924368195, 1.6887798021233116, 1.6876230151878078, 1.6826544410502815, 1.6821405906437314, 1.67749335343567, 1.6810944042947515, 1.6766926637158115, 1.6762036601100874, 1.6747341693404088, 1.6789466969789806, 1.6724003677489592, 1.672900393409628, 1.6701121366374354, 1.6647569292791822, 1.66212093730974, 1.6626220040182613, 1.6656721126908232, 1.659799949490001]",0.404,0.39998702261780256,0.4054975969940437,0.39437937021551045,104.3729190826416,
2,"{""epochs"": 50, ""lr"": 0.0001, ""bn"": 0, ""batch_size"": 4, ""dropout_rate"": [0.0, 0.0, 0.0, 0.0, 0.0], ""hidden_layers"": [128, 64, 32, 16, 10], ""activations"": [""None"", ""ReLU"", ""ReLU"", ""ReLU"", ""softmax""], ""input_size"": 128, ""weight_decay"": 0, ""optimiser"": ""SGD"", ""early_stopping"": [50, 0.001]}","[2.2279111300527052, 2.0668312076953335, 1.9548700962221244, 1.8859028621822997, 1.8576623773541334, 1.8145735259191618, 1.7943130744019882, 1.7801019766348096, 1.762402082502115, 1.7510970918249653, 1.7403461556638975, 1.7357552780382886, 1.7245400405610947, 1.7258873506116412, 1.7113474937366506, 1.7096574351542986, 1.7015241618678003, 1.702364897411586, 1.698216596235988, 1.6971361586641802, 1.694046321775227, 1.6944755413338717, 1.6848167936549487, 1.6780600957565153, 1.6853922718586642, 1.6866641920205823, 1.6817614667720822, 1.6812703381601042, 1.66879939970581, 1.6838907116500952, 1.6752679689062384, 1.6786944348593829, 1.6625487613542522, 1.6780059075878782, 1.664207179937689, 1.6622339816382672, 1.6670663940443204, 1.6604130944341602, 1.6517268243604424, 1.6577877045661535, 1.6519971887328493, 1.657114842559664, 1.6640026052163766, 1.642064635489498, 1.6472027986389304, 1.6489049701986767, 1.6486812293614506, 1.6323698249874294, 1.6392683892914024, 1.6331561717277885]","[2.158802970365401, 2.004642009338612, 1.9225603119274042, 1.8697956629152503, 1.8367647311918183, 1.8093869152331385, 1.7961169945176703, 1.7771829601334954, 1.7660681853780777, 1.758179999155592, 1.746543420077423, 1.741642392207552, 1.736804153397878, 1.7302502358850935, 1.7257050775879805, 1.720380598554729, 1.716060527475966, 1.7115004874379893, 1.7118688464042782, 1.7101778463624806, 1.707576966726135, 1.7047219380204077, 1.6999659294241851, 1.6998059017733465, 1.695292381836939, 1.6966355949514178, 1.7001228149145835, 1.6931604286680333, 1.691366138359293, 1.6907778320497497, 1.697159167463387, 1.68687940770683, 1.6868449467350983, 1.6818225997691276, 1.676962694258616, 1.67669031159371, 1.6735114856183295, 1.6750783091961545, 1.6717198786438974, 1.6716987279909425, 1.6859225727926532, 1.6689174757925593, 1.6662398929966487, 1.6685542148734531, 1.6648451748812192, 1.6645002028868214, 1.662022417155917, 1.6591969130948339, 1.6575807703149803, 1.6566944590602808]",0.3956,0.39857361451047757,0.3971946744265603,0.38845857997904687,105.03770637512207,
3,"{""epochs"": 50, ""lr"": 0.0001, ""bn"": 0, ""batch_size"": 4, ""dropout_rate"": [0.0, 0.0, 0.0, 0.0, 0.0], ""hidden_layers"": [128, 64, 32, 16, 10], ""activations"": [""None"", ""ReLU"", ""ReLU"", ""ReLU"", ""softmax""], ""input_size"": 128, ""weight_decay"": 0, ""optimiser"": ""SGD"", ""early_stopping"": [50, 0.001]}","[2.1848471684236297, 1.9836346575854455, 1.8875806059671194, 1.8499800251760492, 1.8150432875124989, 1.8021963255811784, 1.7791259782799045, 1.7651629845826944, 1.7603533379206395, 1.7448408448812203, 1.7371202292111145, 1.7195620269932914, 1.7226804349114007, 1.7179222580230082, 1.6911231135619351, 1.6952468998695203, 1.691267390593638, 1.688331667193852, 1.6994417704812315, 1.6837933283597626, 1.68725178543381, 1.6805794160858902, 1.684774266717098, 1.6739615024181478, 1.6702527229380038, 1.6552830287047782, 1.671156121753297, 1.666484724564707, 1.6584169283529582, 1.6647840432069898, 1.658174859176168, 1.6303867556449738, 1.6527573086732812, 1.6556107640898987, 1.652194036964045, 1.6533134567198702, 1.6499952781546043, 1.6442121976060344, 1.645274574154909, 1.6359606111761686, 1.642147571458822, 1.636545586378371, 1.632989416735667, 1.639595797190629, 1.6428041788471914, 1.639884455938171, 1.6251778441141311, 1.6234018085997206, 1.6400175551934892, 1.6322388611991605]","[2.06767467203306, 1.9459593589693198, 1.887346929330555, 1.8527377318473075, 1.8265977592252063, 1.805758636931144, 1.7948052920670337, 1.7845539456325794, 1.7709280434992427, 1.7653531510147427, 1.7571640360776404, 1.7519770111150363, 1.7439981841148438, 1.741458981708208, 1.7329973097990783, 1.725589646576081, 1.7272617484054837, 1.7244652782159782, 1.7256520445289079, 1.7244753803047463, 1.7188680583757465, 1.7119978372302314, 1.712246467720115, 1.7111062661336018, 1.7093453253212283, 1.711529063138923, 1.7097283833328296, 1.7051843139346274, 1.7059678861845802, 1.7068994673518063, 1.6985766984800597, 1.6960777297363923, 1.6953294500526492, 1.6955639105199756, 1.6921899779054577, 1.6865123909109643, 1.6912316581075884, 1.691838742249125, 1.6872256941251698, 1.6890846606181737, 1.6877321514581007, 1.6845864499788716, 1.6878003767645562, 1.6843034729650603, 1.6910634366232542, 1.688005524882832, 1.6838290199938615, 1.6755819331119786, 1.6808903669314101, 1.68077599651893]",0.3882,0.38228225507182845,0.3894786910277245,0.3758484332060138,104.23387360572815,
4,"{""epochs"": 50, ""lr"": 0.0001, ""bn"": 0, ""batch_size"": 4, ""dropout_rate"": [0.0, 0.0, 0.0, 0.0, 0.0], ""hidden_layers"": [128, 64, 32, 16, 10], ""activations"": [""None"", ""ReLU"", ""ReLU"", ""ReLU"", ""softmax""], ""input_size"": 128, ""weight_decay"": 0, ""optimiser"": ""SGD"", ""early_stopping"": [50, 0.001]}","[2.245494276405847, 2.0915381142540648, 1.975308258710058, 1.902259531155167, 1.874785875241672, 1.8500460206527107, 1.8489538294256864, 1.8203823244798918, 1.8098906650147828, 1.7959062590196464, 1.7997718993916099, 1.7828100055623295, 1.7712679669722773, 1.7649244838617728, 1.7675547073740605, 1.7441433752353601, 1.725039434906848, 1.719733486876476, 1.7171753144071884, 1.7133047202378415, 1.7134717319394948, 1.6999173833450678, 1.6922388224517295, 1.6845973842744577, 1.6892255182505584, 1.6854410039989443, 1.683016795711496, 1.6818050443307349, 1.6749567650054356, 1.6654772296844258, 1.6664672571829604, 1.6602831928652924, 1.671269319629131, 1.658100402869998, 1.6610670454551, 1.6622755115107666, 1.646168813010799, 1.6503748053784748, 1.6463373162920651, 1.655508856793065, 1.6374799204940351, 1.6428116255487593, 1.6270122691102102, 1.6355727164978817, 1.637241197537255, 1.6200704882427501, 1.6236407737254064, 1.6333737369302288, 1.6358907569979628, 1.6224144438249073]","[2.1658872258287114, 2.034157902909244, 1.945060794901511, 1.8977720193090681, 1.8735281603362963, 1.8535807969430345, 1.8405391889714149, 1.8242541001932056, 1.816752899847901, 1.8043474544196545, 1.802952698060499, 1.7892166775648708, 1.7781590723429406, 1.7753527784447054, 1.7691234830657505, 1.7526107426860822, 1.7464315891285933, 1.7425889333449849, 1.7349237024688413, 1.7309495582373062, 1.7278458529099363, 1.7245289738231506, 1.7217166218504902, 1.7118721364668308, 1.711715598956298, 1.7082292937755799, 1.7077153987855749, 1.706080301338718, 1.7101332401445088, 1.693383206090107, 1.6917889897104978, 1.693991750639317, 1.6888908769640192, 1.6881339014311971, 1.6834388763831007, 1.6828283679342464, 1.6827168710461315, 1.678233900531135, 1.6743534625938512, 1.6781427833290512, 1.6768433826955436, 1.6734336881746066, 1.6683805678399033, 1.667540904582489, 1.6630950731048484, 1.6626605855330607, 1.6605136805764231, 1.6628436919932559, 1.662367683594887, 1.6584457780679251]",0.4062,0.3941898132668958,0.4090354184883528,0.39362735670763205,105.19535040855408,
5,"{""epochs"": 50, ""lr"": 0.0001, ""bn"": 0, ""batch_size"": 4, ""dropout_rate"": [0.0, 0.0, 0.0, 0.0, 0.0], ""hidden_layers"": [128, 64, 32, 16, 10], ""activations"": [""None"", ""ReLU"", ""ReLU"", ""ReLU"", ""softmax""], ""input_size"": 128, ""weight_decay"": 0, ""optimiser"": ""SGD"", ""early_stopping"": [50, 0.001]}","[2.2092388137538395, 2.030149431301308, 1.9365482044329114, 1.8958862421068143, 1.850946880353407, 1.82966741439522, 1.7963375700373558, 1.7873740527330193, 1.7650945020962012, 1.760051368868939, 1.7535104568038162, 1.7270875404576234, 1.7252994976104068, 1.721843518629242, 1.7165237708395877, 1.703951649711684, 1.6970228006628145, 1.7106749303069573, 1.6824981375394457, 1.693142057244981, 1.6849955893766833, 1.681156553065491, 1.669618849734215, 1.676400431219517, 1.6729324052948222, 1.663774664511223, 1.6635635136754934, 1.6676778437263584, 1.6562645340443543, 1.6480596335357611, 1.6584313482295348, 1.6447633445305152, 1.6436543531121648, 1.6433326376007156, 1.6489019329721966, 1.639487486338054, 1.6319969973695405, 1.6334748912531993, 1.640900428181485, 1.6266680066437738, 1.6357084813709681, 1.6210558083680504, 1.6335716565025427, 1.6352710095884582, 1.620048411576393, 1.6404840138802603, 1.630602448815928, 1.6164924046297904, 1.6185000420062157, 1.6175846550252826]","[2.1104610624424507, 1.9854207470264549, 1.9201699150438616, 1.8764290084661501, 1.8486152391530342, 1.8274992728593498, 1.8098431114754767, 1.8001252929195128, 1.786786522536173, 1.7740567161724123, 1.7662228656789005, 1.7536776644956935, 1.752437139261315, 1.7472312211433674, 1.7441727546717014, 1.7347087587426469, 1.7309750407310014, 1.7325616602781047, 1.7240115198664578, 1.722603834574626, 1.7209667505215185, 1.71320313168041, 1.7106177164650596, 1.7109805708420383, 1.7040181993516308, 1.702845620171635, 1.7028689692348162, 1.704182923401197, 1.6973776647519805, 1.6930984453858138, 1.6961133179095116, 1.6934050880953844, 1.691132018744593, 1.6878872789013872, 1.6866331803691883, 1.6872603786440747, 1.6833328391919808, 1.6824943827299315, 1.6792466044253793, 1.6768932514355679, 1.676213822919102, 1.6709853063855407, 1.6718650083283253, 1.6717575218664187, 1.6679616145689022, 1.6791635240777862, 1.6691577013763745, 1.6673262568876377, 1.6690710691419401, 1.6641820350546044]",0.3982,0.39300281246996305,0.3970930706186366,0.3870010257679743,108.22634363174438,
6,"{""epochs"": 50, ""lr"": 0.0001, ""bn"": 0, ""batch_size"": 4, ""dropout_rate"": [0.0, 0.0, 0.0, 0.0, 0.0], ""hidden_layers"": [128, 64, 32, 16, 10], ""activations"": [""None"", ""ReLU"", ""ReLU"", ""ReLU"", ""softmax""], ""input_size"": 128, ""weight_decay"": 0, ""optimiser"": ""SGD"", ""early_stopping"": [50, 0.001]}","[2.227739715486826, 2.0632374712244466, 1.9497995968963127, 1.9032026906628536, 1.8691210892076209, 1.8430495090686347, 1.8259830665533612, 1.8248237570209527, 1.8030055467722323, 1.796105509390283, 1.7906874335715095, 1.7672850617629663, 1.766496133400704, 1.755161019244049, 1.7444725942897765, 1.7355906526083877, 1.737587117790194, 1.7409459350882972, 1.7291282216453705, 1.7210148414601731, 1.7128113522265505, 1.712468024397111, 1.7089569919933396, 1.7089470607047377, 1.7034366464087323, 1.702934118933942, 1.6893454870702977, 1.6816806368015351, 1.69205115191987, 1.6988697061058173, 1.6873791250170322, 1.6803713264979383, 1.6882477734461583, 1.6775895537638863, 1.6833712810797592, 1.668017515916154, 1.6634002366884786, 1.664924060911813, 1.669855590186388, 1.6663076705841267, 1.6589601917181727, 1.667993891093312, 1.6710604042411175, 1.6484630457851124, 1.6463252102293136, 1.6475714993958206, 1.6359342548980607, 1.6478866419596494, 1.6560945882172569, 1.6453049325335654]","[2.127493970023519, 1.9996292070398733, 1.9270953050455966, 1.8885504008490837, 1.8672114653828793, 1.847170568122666, 1.832118303636749, 1.8243675578315364, 1.8097040601793501, 1.8003284940563238, 1.788636973917884, 1.7806251594705376, 1.7700427355035433, 1.7637690159453494, 1.7580224396071236, 1.75031230685458, 1.7483812675885493, 1.7439089398513021, 1.740959704898682, 1.7358065220607444, 1.739716556493586, 1.725704403360172, 1.730981259471477, 1.7257202760959058, 1.7189783093654558, 1.7250575469819203, 1.7177142836674086, 1.7115161744640972, 1.7096013400589076, 1.7091601851970237, 1.7092189568340415, 1.7050463404366099, 1.7030296104555982, 1.701662472818417, 1.7018513485408697, 1.6980849505188715, 1.6918836785890645, 1.696562254703563, 1.692933831705895, 1.6890276672517939, 1.6899801266219365, 1.6857971760296968, 1.6905568249159972, 1.6800820013126752, 1.6852037134169655, 1.6859563919999172, 1.6815335284784927, 1.6753922348771917, 1.676339080046179, 1.675500732023161]",0.4016,0.3927860320366795,0.401470922893564,0.3896351965485932,108.07184600830078,
7,"{""epochs"": 50, ""lr"": 0.0001, ""bn"": 0, ""batch_size"": 4, ""dropout_rate"": [0.0, 0.0, 0.0, 0.0, 0.0], ""hidden_layers"": [128, 64, 32, 16, 10], ""activations"": [""None"", ""ReLU"", ""ReLU"", ""ReLU"", ""softmax""], ""input_size"": 128, ""weight_decay"": 0, ""optimiser"": ""SGD"", ""early_stopping"": [50, 0.001]}","[2.2095622418245755, 2.077087096058321, 1.994594261309536, 1.947193278807786, 1.886914792475434, 1.859991795247462, 1.832200160789985, 1.831316318818328, 1.8025880001110988, 1.7956564871215495, 1.786818162356184, 1.792676653517561, 1.7798574111101615, 1.7703656287959952, 1.7679062964833339, 1.7510265655492523, 1.7459126891541612, 1.7560470165870166, 1.7491579304203546, 1.7457930191901803, 1.7420337840987117, 1.7261268774673595, 1.722349778232832, 1.7271527319062492, 1.7213909683584967, 1.715165606536158, 1.7127185629543211, 1.6964823291732962, 1.706074754215417, 1.7016106892641232, 1.6976792416460706, 1.6973353023688693, 1.6969250307421881, 1.6973100655267286, 1.688195948194786, 1.6929764885961704, 1.6851033278051137, 1.6896292304470188, 1.6763173279479016, 1.6773197809360243, 1.6639382873894883, 1.6680679133454448, 1.663069237410489, 1.6655363949251676, 1.66887741322041, 1.6605963260883598, 1.6548357595165033, 1.6619395590184136, 1.6393352285342, 1.6586479413383537]","[2.1344456905038003, 2.035129150576925, 1.9688910660567949, 1.924448844186735, 1.8872325892363493, 1.865636805891217, 1.8442518067833498, 1.8300229115772737, 1.8213563036572036, 1.8091861388940234, 1.8003144329030822, 1.7966637114423178, 1.7899531254236423, 1.7865589820060523, 1.7836326269438227, 1.7794448198921389, 1.773851538192489, 1.772741832225622, 1.7722537670744576, 1.7659614261617818, 1.7629917120601843, 1.7558468206846323, 1.7604339118888201, 1.7496451233350427, 1.7497245311654959, 1.7464800239655707, 1.7446356099211087, 1.7386961743224358, 1.7377688202740766, 1.7340942842805729, 1.7330251845254716, 1.7320729697371673, 1.7298701204129532, 1.7256000193247565, 1.720345748519804, 1.719447174073557, 1.7138033422612302, 1.7124963412974197, 1.7112715952099156, 1.7078035269040386, 1.706449942418591, 1.7002532017581744, 1.7033731913922172, 1.6984305242182236, 1.6983464584051449, 1.69749057872484, 1.6949438680665543, 1.6907524279905164, 1.6858301828500228, 1.6863028048046902]",0.3892,0.38115278323727936,0.3860482781118941,0.3740417404544799,113.07904124259949,
8,"{""epochs"": 50, ""lr"": 0.0001, ""bn"": 0, ""batch_size"": 4, ""dropout_rate"": [0.0, 0.0, 0.0, 0.0, 0.0], ""hidden_layers"": [128, 64, 32, 16, 10], ""activations"": [""None"", ""ReLU"", ""ReLU"", ""ReLU"", ""softmax""], ""input_size"": 128, ""weight_decay"": 0, ""optimiser"": ""SGD"", ""early_stopping"": [50, 0.001]}","[2.2903023455528446, 2.151462721208337, 2.018374252056494, 1.958152690807886, 1.903171701474901, 1.8653703398215924, 1.846894058518571, 1.830842916870889, 1.819879484425651, 1.7972669163278123, 1.794126045089737, 1.7878237947822235, 1.7630226297827631, 1.7639767347247954, 1.754463666210611, 1.748249182787383, 1.740414383822509, 1.744414115955394, 1.7225740318836211, 1.7256770436217586, 1.7285044551278208, 1.722409339897032, 1.7073392777084935, 1.7157015377831484, 1.7029779332295913, 1.6989187486424084, 1.7033355337215752, 1.6998415150638941, 1.7011853117103672, 1.7005118277622147, 1.6869377937064394, 1.6779064304145401, 1.6772699940345972, 1.668168308316679, 1.6742199423081763, 1.665001809333447, 1.6473538907595586, 1.658577908530841, 1.6517921323286482, 1.662644393615609, 1.6654357609726949, 1.6392427077351572, 1.6394234036848159, 1.646106980431576, 1.652088329946424, 1.6352270159799642, 1.63362089047244, 1.635314251092645, 1.6462175708343494, 1.6341871357076216]","[2.224520766130337, 2.092985571690697, 1.998533961161131, 1.944623226007908, 1.9017102993572579, 1.878860724814288, 1.854703743410536, 1.8387076692684874, 1.8258405843622219, 1.8117779685442257, 1.8040289861237968, 1.794554723018814, 1.785903988529044, 1.7841344166574606, 1.7770002629430066, 1.7711479985838436, 1.7668295353935937, 1.7608684396083167, 1.7610161591839708, 1.7514109333721926, 1.7520351565137964, 1.742765200463034, 1.7431768658397617, 1.73688656829795, 1.7328244850311618, 1.729772315989352, 1.724292506762091, 1.7182567766130727, 1.717776601878156, 1.7155801429526287, 1.7118435350273917, 1.7060300697482784, 1.7073519726395017, 1.705413280680617, 1.69883603604118, 1.697001910350038, 1.6925085669708606, 1.69231595241555, 1.6921385547454775, 1.687864038690956, 1.6854510356447994, 1.6831850059905835, 1.6937798200784593, 1.6799874038471492, 1.6800192772014926, 1.6745762068218035, 1.6784256909640396, 1.6808519937515447, 1.6735723281079935, 1.6681622525727922]",0.3966,0.39565059511861217,0.3975914610507334,0.37981629274922835,113.00098466873169,
9,"{""epochs"": 50, ""lr"": 0.0001, ""bn"": 0, ""batch_size"": 4, ""dropout_rate"": [0.0, 0.0, 0.0, 0.0, 0.0], ""hidden_layers"": [128, 64, 32, 16, 10], ""activations"": [""None"", ""ReLU"", ""ReLU"", ""ReLU"", ""softmax""], ""input_size"": 128, ""weight_decay"": 0, ""optimiser"": ""SGD"", ""early_stopping"": [50, 0.001]}","[2.2349075343324603, 2.0782256489559137, 1.9622969539204964, 1.9027530499376912, 1.864102392421571, 1.8367438297171916, 1.807218968359776, 1.8043395940166849, 1.7844872510725225, 1.7849002302819366, 1.7682470004613193, 1.7649067288218916, 1.7564693572733872, 1.7562448604217284, 1.7508812406616059, 1.7463206946270367, 1.72540061889616, 1.725294522090138, 1.7148654624758255, 1.7253081386583877, 1.7138896897331075, 1.698743755723758, 1.6925258739202953, 1.688249918861696, 1.6880069553238735, 1.6747177027318116, 1.6867398950311827, 1.678401125647997, 1.6699313446276363, 1.6772866957137569, 1.666379281334429, 1.668150057184931, 1.663351979877861, 1.662750637045304, 1.657424479237407, 1.6547638893345449, 1.6508363791679104, 1.6440363180907598, 1.6558391464036653, 1.646159532509065, 1.648494875185645, 1.6425262037173236, 1.643751434095991, 1.635320112472674, 1.6341299968115024, 1.6392184694310874, 1.6288373009301638, 1.6241039357738967, 1.6422325491596168, 1.623003615683543]","[2.14613259423047, 2.0127284118663242, 1.9270298646053485, 1.8825438290708816, 1.855834468676777, 1.8424423980193023, 1.8202879775222665, 1.8103174616372408, 1.7982600889074507, 1.7896683195068472, 1.7838526951167355, 1.7796758079487822, 1.770693473266453, 1.767826176963152, 1.76414661765435, 1.7544134198267143, 1.7456135648615727, 1.743357035153762, 1.7343648376961995, 1.7351000153137137, 1.735157441017179, 1.7231591566847084, 1.7208019059162711, 1.7194419992616996, 1.7089857826343082, 1.7078689984226278, 1.7067860644148212, 1.6973288689609842, 1.7003312427798642, 1.6933212707206473, 1.6889937532852488, 1.6887309636435588, 1.6887004203958176, 1.6859911737420625, 1.6922517599770144, 1.6817787062391718, 1.6758450047871294, 1.6755725277422935, 1.6699862794058804, 1.6691924058324694, 1.6691038376999645, 1.66880273669725, 1.6758520345766386, 1.6602719783431648, 1.6621828805244385, 1.6629893551970647, 1.6598421183051075, 1.6609741050804812, 1.6609589559041866, 1.661667110239315]",0.3998,0.39620994012907024,0.39741399279796996,0.38983125843409705,112.80778622627258,
10,"{""epochs"": 50, ""lr"": 0.0001, ""bn"": 0, ""batch_size"": 4, ""dropout_rate"": [0.0, 0.0, 0.0, 0.0, 0.0], ""hidden_layers"": [128, 64, 32, 16, 10], ""activations"": [""None"", ""ReLU"", ""ReLU"", ""ReLU"", ""softmax""], ""input_size"": 128, ""weight_decay"": 0, ""optimiser"": ""SGD"", ""early_stopping"": [50, 0.001]}","[2.214252405680107, 2.0667967752262206, 1.9798913671613567, 1.9197245105853589, 1.8750981712179682, 1.8389000577792143, 1.8278155677782943, 1.8087742309843122, 1.799821749395096, 1.7941922379781825, 1.7796628249784385, 1.7678929956106757, 1.752479908295941, 1.7603044218174395, 1.7479254216618503, 1.7335328763022695, 1.7368840877801088, 1.7239380766930565, 1.7220976123589706, 1.7120578565309172, 1.7090122917664297, 1.7058992369499277, 1.699872343859478, 1.700131887037883, 1.6870039372567864, 1.6863727634330907, 1.6819689029220903, 1.6798386281995032, 1.6874300499728208, 1.6665617050700097, 1.658369035012679, 1.6756840627735354, 1.664662219408744, 1.65558487761384, 1.6590794117404475, 1.6635564836341559, 1.6535223449684977, 1.6452100658548807, 1.651237165466165, 1.640892223510767, 1.6535137191651188, 1.6394408929381346, 1.6410606747259768, 1.6356570620749062, 1.6242314654009131, 1.6273289070186774, 1.6400843376268084, 1.6235419000755666, 1.631106607931234, 1.6350973034054888]","[2.14489077222017, 2.041608797133679, 1.9617952824393539, 1.9163815666994415, 1.8818414382622581, 1.8526637862295188, 1.8363099713131301, 1.8224550046307841, 1.8095592066705708, 1.8019251605740516, 1.791084653281271, 1.7810298087830794, 1.7757595894051506, 1.7662912974836804, 1.7595176883946602, 1.7482011670874795, 1.7508016702668763, 1.7363078497442526, 1.7363088797421027, 1.7281881174278504, 1.726213136386804, 1.7241397428906036, 1.7149248022207375, 1.7108910160221051, 1.711838099280608, 1.7038318536292456, 1.7016741669409967, 1.7039014424658656, 1.702667842676946, 1.6917304148213421, 1.6965564222801208, 1.6867031643626809, 1.6855238718008236, 1.682835557568352, 1.6811680805562714, 1.6819539174602725, 1.678698412879077, 1.6804934689930011, 1.6775208129248405, 1.6706548866867121, 1.6703344753883016, 1.6681241920213192, 1.6668328490658395, 1.6699654580001337, 1.6571567578106992, 1.6611014835122015, 1.6587227138431582, 1.6578585354246753, 1.663321398614653, 1.6557896105413599]",0.3964,0.38105294904640885,0.39720811016791013,0.3777071999421938,113.62884259223938,
